KANAL,KALITE,GENISLIK,YUKSEKLIK,TEKNIK_DURUM,URL
TRT 3 KALİTE BELİRSİZ,KALİTE BELİRSİZ,0,0,DOGRULANAMADI,https://tv-trt3.live.trt.com.tr/master.m3u8
TORBA TV KALİTE BELİRSİZ,KALİTE BELİRSİZ,0,0,DOGRULANAMADI,https://59cba4d34b678.streamlock.net/canlitv/torbatv/playlist.m3u8
SÖZCÜ TV KALİTE BELİRSİZ,KALİTE BELİRSİZ,0,0,DOGRULANAMADI,https://b.fulltvizle.com/sozcu/tracks-v1a1/mono.m3u8
SÖZCÜ TV KALİTE BELİRSİZ,KALİTE BELİRSİZ,0,0,DOGRULANAMADI,https://izle.canlitvapp.com/sozcu/index.m3u8
SÖZCÜ TV KALİTE BELİRSİZ,KALİTE BELİRSİZ,0,0,DOGRULANAMADI,https://trn03.tulix.tv/gt-sozcu-tv/playlist.m3u8
SÖZCÜ TV KALİTE BELİRSİZ,KALİTE BELİRSİZ,0,0,DOGRULANAMADI,https://goldvod.org/live/hpgdiscoo/123456/108.m3u8
SÖZCÜ TV KALİTE BELİRSİZ,KALİTE BELİRSİZ,0,0,DOGRULANAMADI,https://goldvod.org/live/hpgdiscoo/123456/287.m3u8
SÖZCÜ TV KALİTE BELİRSİZ,KALİTE BELİRSİZ,0,0,DOGRULANAMADI,https://yt.tecostream.xyz/live/sozcutelevizyonu?m3u8
SÖZCÜ TV KALİTE BELİRSİZ,KALİTE BELİRSİZ,0,0,DOGRULANAMADI,https://szctvdvr.blutv.com/blutv_szctv_dvr/live_720p4350000kbps/index.m3u8
AKİT TV KALİTE BELİRSİZ,KALİTE BELİRSİZ,0,0,DOGRULANAMADI,https://akittv-live.ercdn.net/akittv/akittv_720p.m3u8
AKİT TV KALİTE BELİRSİZ,KALİTE BELİRSİZ,0,0,DOGRULANAMADI,https://akittv-live.ercdn.net/akittv/akittv.m3u8
TRT SPOR KALİTE BELİRSİZ,KALİTE BELİRSİZ,0,0,DOGRULANAMADI,https://trn03.tulix.tv/gt-trtspor-1/playlist.m3u8
TRT SPOR KALİTE BELİRSİZ,KALİTE BELİRSİZ,0,0,DOGRULANAMADI,https://tv-trtspor1.medya.trt.com.tr/master.m3u8
TRT SPOR KALİTE BELİRSİZ,KALİTE BELİRSİZ,0,0,DOGRULANAMADI,https://tv-trtspor1.medya.trt.com.tr/master_1080.m3u8
TRT SPOR KALİTE BELİRSİZ,KALİTE BELİRSİZ,0,0,DOGRULANAMADI,https://tv-trtspor1.medya.trt.com.tr/master_1440.m3u8
TRT SPOR KALİTE BELİRSİZ,KALİTE BELİRSİZ,0,0,DOGRULANAMADI,https://tv-trtspor1.medya.trt.com.tr/master_720.m3u8
TRT SPOR KALİTE BELİRSİZ,KALİTE BELİRSİZ,0,0,DOGRULANAMADI,https://corestream.siteyaptim.live/trt-spor/index.m3u8
TRT SPOR KALİTE BELİRSİZ,KALİTE BELİRSİZ,0,0,DOGRULANAMADI,https://tv-trtspor1.live.trt.com.tr/master.m3u8
SPORTS TV KALİTE BELİRSİZ,KALİTE BELİRSİZ,0,0,DOGRULANAMADI,http://live.sportstv.com.tr/hls/low/sportstv_fhd/index.m3u8
SPORTS TV KALİTE BELİRSİZ,KALİTE BELİRSİZ,0,0,DOGRULANAMADI,https://live.SPORtstv.com.tr/hls/low/SPORtstv_hd/index.m3u8
SPORTS TV KALİTE BELİRSİZ,KALİTE BELİRSİZ,0,0,DOGRULANAMADI,https://live.sportstv.com.tr/hls/low/sportstv_hd/index.m3u8
SPORTS TV KALİTE BELİRSİZ,KALİTE BELİRSİZ,0,0,DOGRULANAMADI,https://sportstv.blutv.com/blutv_sportstv2/live_720p2000000kbps/index.m3u8
SIFIR TV KALİTE BELİRSİZ,KALİTE BELİRSİZ,0,0,DOGRULANAMADI,https://ahr7chck.rocketcdn.com/sifirtv.stream/chunklist.m3u8
GS TV KALİTE BELİRSİZ,KALİTE BELİRSİZ,0,0,DOGRULANAMADI,https://owifavo5.rocketcdn.com/gstv/gstv.smil/chunklist_b1828000_sltur.m3u8
TARIM TV KALİTE BELİRSİZ,KALİTE BELİRSİZ,0,0,DOGRULANAMADI,https://content.tvkur.com/l/c7e1da7mm25p552d9u9g/index-1080p.m3u8
TARIM TV KALİTE BELİRSİZ,KALİTE BELİRSİZ,0,0,DOGRULANAMADI,https://content.tvkur.com/l/c7e1da7mm25p552d9u9g/master.m3u8
TOPRAK TV KALİTE BELİRSİZ,KALİTE BELİRSİZ,0,0,DOGRULANAMADI,https://59cba4d34b678.streamlock.net/canlitv/topraktv/playlist.m3u8
ON4 TV KALİTE BELİRSİZ,KALİTE BELİRSİZ,0,0,DOGRULANAMADI,https://edge1.socialsmart.tv/on4/bant1/playlist.m3u8
GZT KALİTE BELİRSİZ,KALİTE BELİRSİZ,0,0,DOGRULANAMADI,https://gzttv-live.lg.mncdn.com/gzttv/gzttv/chunklist.m3u8
GZT KALİTE BELİRSİZ,KALİTE BELİRSİZ,0,0,DOGRULANAMADI,https://gzttv-live.lg.mncdn.com/gzttv/gzttv/playlist.m3u8
GZT KALİTE BELİRSİZ,KALİTE BELİRSİZ,0,0,DOGRULANAMADI,https://mn-nl.mncdn.com/gzttv/gzttv/playlist.m3u8
KANAL 56 KALİTE BELİRSİZ,KALİTE BELİRSİZ,0,0,DOGRULANAMADI,https://cdn-kanal56tv.yayin.com.tr/kanal56tv/kanal56tv/chunklist_w559405215.m3u8
KANAL 68 KALİTE BELİRSİZ,KALİTE BELİRSİZ,0,0,DOGRULANAMADI,https://live.artidijitalmedya.com/artidijital_kanal68/kanal68/playlist.m3u8
KANAL URFA 404P,404P,720,404,VIDEO_SES,https://edge1.socialsmart.tv/kanalurfa/bant1/playlist.m3u8
KANAL URFA KALİTE BELİRSİZ,KALİTE BELİRSİZ,0,0,DOGRULANAMADI,https://broadcasttr.com:446/kanalurfa/bant1/chunklist_w1125528664.m3u8
BRT 2 KALİTE BELİRSİZ,KALİTE BELİRSİZ,0,0,DOGRULANAMADI,https://sc-kuzeykibrissmarttv.ercdn.net/brt2hd/bant1/playlist.m3u8
GENÇ TV KALİTE BELİRSİZ,KALİTE BELİRSİZ,0,0,DOGRULANAMADI,https://sc-kuzeykibrissmarttv.ercdn.net/kibrisgenctv/bant1/playlist.m3u8
KANAL T KALİTE BELİRSİZ,KALİTE BELİRSİZ,0,0,DOGRULANAMADI,https://sc-kuzeykibrissmarttv.ercdn.net/kanalt/bantp1/playlist.m3u8
KIBRIS TV KALİTE BELİRSİZ,KALİTE BELİRSİZ,0,0,DOGRULANAMADI,https://sc-kuzeykibrissmarttv.ercdn.net/kibristv/bant1/playlist.m3u8
TV5 KALİTE BELİRSİZ,KALİTE BELİRSİZ,0,0,DOGRULANAMADI,https://tv5-live.ercdn.net/tv5/tv5.m3u8
TV42 KALİTE BELİRSİZ,KALİTE BELİRSİZ,0,0,DOGRULANAMADI,https://canli.tv42.com.tr/memfs/d936e417-c4bd-4d42-89a2-02f289892d1d.m3u8
SHOW MAX KALİTE BELİRSİZ,KALİTE BELİRSİZ,0,0,DOGRULANAMADI,https://github.com/rideordie16/YouTube/raw/main/ch/showmax.m3u8
SHOW MAX KALİTE BELİRSİZ,KALİTE BELİRSİZ,0,0,DOGRULANAMADI,https://raw.githubusercontent.com/rideordie16/YouTube/main/ch/showmax.m3u8
KOCAELİ TV 1080P FHD,1080P FHD,1920,1080,VIDEO_SES,https://edge1.socialsmart.tv/kocaelitv/bant1/playlist.m3u8
KRAL TV 1080P FHD,1080P FHD,1920,1080,VIDEO_SES,http://dygvideo.dygdigital.com/live/hls/kralpop?m3u8
TRAKYA TÜRK TV KALİTE BELİRSİZ,KALİTE BELİRSİZ,0,0,DOGRULANAMADI,https://live.artidijitalmedya.com/artidijital_trakyaturk/trakyaturk/playlist.m3u8
BERAT TV KALİTE BELİRSİZ,KALİTE BELİRSİZ,0,0,DOGRULANAMADI,https://cdn-berattv.yayin.com.tr/berattv/berattv/playlist.m3u8
AYAZ TV KALİTE BELİRSİZ,KALİTE BELİRSİZ,0,0,DOGRULANAMADI,https://janya-ayaztv.vgcdn.net/ptnr-Vipo%20TV/title-Ayaz_TV/v1/vglive-sk-934820/AyazTV_1500k.m3u8
TV 52 KALİTE BELİRSİZ,KALİTE BELİRSİZ,0,0,DOGRULANAMADI,http://stream.taksimbilisim.com:1935/tv52/smil:tv52.smil/playlist.m3u8
KON TV KALİTE BELİRSİZ,KALİTE BELİRSİZ,0,0,DOGRULANAMADI,https://kontv.blutv.com/blutv_kontv2/live.m3u8
KANAL 32 720P HD,720P HD,1280,720,VIDEO_SES,https://edge1.socialsmart.tv/kanal32/bant1/chunks.m3u8
GRT KALİTE BELİRSİZ,KALİTE BELİRSİZ,0,0,DOGRULANAMADI,https://live.artidijitalmedya.com/artidijital_grt/grt1/playlist.m3u8
DİYAR TV KALİTE BELİRSİZ,KALİTE BELİRSİZ,0,0,DOGRULANAMADI,https://yayin30.haber100.com/live/diyartv/playlist.m3u8
HUNAT TV KALİTE BELİRSİZ,KALİTE BELİRSİZ,0,0,DOGRULANAMADI,https://59cba4d34b678.streamlock.net/canlitv/hunattv/playlist.m3u8
KANAL 19 ÇORUM 720P HD,720P HD,1280,720,VIDEO_SES,https://live.euromediacenter.com/kanal19/index.m3u8
KANAL 34 İSTANBUL 720P HD,720P HD,1280,720,VIDEO_SES,https://live.euromediacenter.com/kanal34/index.m3u8
GONCA TV 720P HD,720P HD,1280,720,VIDEO_SES,https://edge1.socialsmart.tv/goncatv/bant1/playlist.m3u8
KARDELEN TV 720P HD,720P HD,1280,720,VIDEO_SES,https://edge1.socialsmart.tv/kardelentv/bant1/playlist.m3u8
MAVİ KARADENİZ KALİTE BELİRSİZ,KALİTE BELİRSİZ,0,0,DOGRULANAMADI,https://edge1.socialsmart.tv/mavikaradeniz/bant1/playlist.m3u8
MTÜRK TV 720P HD,720P HD,1280,720,VIDEO_SES,https://edge1.socialsmart.tv/muglaturk/bant1/playlist.m3u8
ON 6 KALİTE BELİRSİZ,KALİTE BELİRSİZ,0,0,DOGRULANAMADI,https://live.artidijitalmedya.com/artidijital_kanal16/kanal16/playlist.m3u8
ÖNCÜ TV 720P HD,720P HD,1280,720,VIDEO_SES,https://edge1.socialsmart.tv/oncurtv/bant1/playlist.m3u8
KANAL S SAMSUN KALİTE BELİRSİZ,KALİTE BELİRSİZ,0,0,DOGRULANAMADI,https://cdn-kanals.yayin.com.tr/kanals/kanals/playlist.m3u8
KANAL S SAMSUN KALİTE BELİRSİZ,KALİTE BELİRSİZ,0,0,DOGRULANAMADI,https://cdn-kanals.yayin.com.tr/kanals/kanals/chunklist.m3u8
SAMSUN HABER TV KALİTE BELİRSİZ,KALİTE BELİRSİZ,0,0,DOGRULANAMADI,http://cdn-samsuncanlihabertv.yayin.com.tr/samsuncanlihabertv/samsuncanlihabertv/playlist.m3u8
SAMSUN HABER TV KALİTE BELİRSİZ,KALİTE BELİRSİZ,0,0,DOGRULANAMADI,https://cdn-samsuncanlihabertv.yayin.com.tr/samsuncanlihabertv/samsuncanlihabertv/playlist.m3u8
CAN TV KALİTE BELİRSİZ,KALİTE BELİRSİZ,0,0,DOGRULANAMADI,http://canbroadcast.com:7000/canlican/tv.m3u8
CAN TV KALİTE BELİRSİZ,KALİTE BELİRSİZ,0,0,DOGRULANAMADI,https://livetv.canbroadcast.com:7443/canlican/tv.m3u8
CAN TV KALİTE BELİRSİZ,KALİTE BELİRSİZ,0,0,DOGRULANAMADI,https://canmedia.live/can-tv/video.m3u8
TEK RUMELİ TV KALİTE BELİRSİZ,KALİTE BELİRSİZ,0,0,DOGRULANAMADI,https://edge1.socialsmart.tv/tekrumelitv/bant1/playlist.m3u8
TGRT EU KALİTE BELİRSİZ,KALİTE BELİRSİZ,0,0,DOGRULANAMADI,https://tgn.bozztv.com/dvrfl05/gin-tgrteu/tracks-v1a1/mono.m3u8
TGRT EU KALİTE BELİRSİZ,KALİTE BELİRSİZ,0,0,DOGRULANAMADI,https://canli.tgrteu.com/tgrteu.m3u8
TRT 1 1440P QHD,1440P QHD,2560,1440,VIDEO_SES,https://trt.daioncdn.net/trt-1/master.m3u8?app=web
TRT 1 720P HD,720P HD,1280,720,VIDEO_SES,https://trt.daioncdn.net/trt-1/master_720p.m3u8?app=web
TRT 1 KALİTE BELİRSİZ,KALİTE BELİRSİZ,0,0,DOGRULANAMADI,http://mfe.cliptv.az/dash/TRT_1_HD.ism/playlist.mpd
KANAL B KALİTE BELİRSİZ,KALİTE BELİRSİZ,0,0,DOGRULANAMADI,https://baskentaudiovideo.xyz/LiveApp/streams/mUE22idl26lA1683879097431.m3u8
KANAL B KALİTE BELİRSİZ,KALİTE BELİRSİZ,0,0,DOGRULANAMADI,http://212.174.58.161/hls-live/livepkgr/_definst_/liveevent/kanalb.m3u8
ATV KALİTE BELİRSİZ,KALİTE BELİRSİZ,0,0,DOGRULANAMADI,https://goldvod.org/live/hpgdiscoo/123456/263.m3u8
ATV KALİTE BELİRSİZ,KALİTE BELİRSİZ,0,0,DOGRULANAMADI,https://izle.canlitvapp.com/aytv/index.m3u8
ATV KALİTE BELİRSİZ,KALİTE BELİRSİZ,0,0,DOGRULANAMADI,http://116.202.238.88/ATV_TR/tracks-v1a1/index.m3u8
KANAL D KALİTE BELİRSİZ,KALİTE BELİRSİZ,0,0,DOGRULANAMADI,https://demiroren-live.daioncdn.net/kanald/kanald_1080p.m3u8
KANAL D KALİTE BELİRSİZ,KALİTE BELİRSİZ,0,0,DOGRULANAMADI,https://goldvod.org/live/hpgdiscoo/123456/262.m3u8
KANAL D KALİTE BELİRSİZ,KALİTE BELİRSİZ,0,0,DOGRULANAMADI,http://mfe.cliptv.az/dash/Kanal_D_HD.ism/playlist.mpd
SHOW TV KALİTE BELİRSİZ,KALİTE BELİRSİZ,0,0,DOGRULANAMADI,https://goldvod.org/live/hpgdiscoo/123456/521.m3u8
SHOW TV KALİTE BELİRSİZ,KALİTE BELİRSİZ,0,0,DOGRULANAMADI,https://goldvod.org/live/hpgdiscoo/123456/266.m3u8
SHOW TV KALİTE BELİRSİZ,KALİTE BELİRSİZ,0,0,DOGRULANAMADI,https://ciner-live.daioncdn.net/showtv/showtv.m3u8
SHOW TV KALİTE BELİRSİZ,KALİTE BELİRSİZ,0,0,DOGRULANAMADI,https://ciner-live.daioncdn.net/showtv/showtv_1080p.m3u8
SHOW TV KALİTE BELİRSİZ,KALİTE BELİRSİZ,0,0,DOGRULANAMADI,https://ciner-live.daioncdn.net/showtv/showtv_720p.m3u8
SHOW TV KALİTE BELİRSİZ,KALİTE BELİRSİZ,0,0,DOGRULANAMADI,https://goldvod.org/live/hpgdiscoo/123456/6.m3u8
SHOW TV KALİTE BELİRSİZ,KALİTE BELİRSİZ,0,0,DOGRULANAMADI,http://mfe.cliptv.az/dash/Show_HD.ism/playlist.mpd
STAR TV 1080P FHD,1080P FHD,1920,1080,VIDEO_SES,http://dygvideo.dygdigital.com/live/hls/startv4puhu?m3u8
STAR TV KALİTE BELİRSİZ,KALİTE BELİRSİZ,0,0,DOGRULANAMADI,https://dogus-live.daioncdn.net/startv/startv.m3u8
STAR TV KALİTE BELİRSİZ,KALİTE BELİRSİZ,0,0,DOGRULANAMADI,https://dogus-live.daioncdn.net/startv/startv_720p.m3u8
STAR TV KALİTE BELİRSİZ,KALİTE BELİRSİZ,0,0,DOGRULANAMADI,https://goldvod.org/live/hpgdiscoo/123456/264.m3u8
STAR TV KALİTE BELİRSİZ,KALİTE BELİRSİZ,0,0,DOGRULANAMADI,https://raw.githubusercontent.com/ipstreet312/freeiptv/refs/heads/master/ressources/tur/star.m3u8
NOW KALİTE BELİRSİZ,KALİTE BELİRSİZ,0,0,DOGRULANAMADI,https://goldvod.org/live/hpgdiscoo/123456/265.m3u8
NOW KALİTE BELİRSİZ,KALİTE BELİRSİZ,0,0,DOGRULANAMADI,https://c.fulltvizle.com/fox/tracks-v1a1/mono.m3u8
TV8 KALİTE BELİRSİZ,KALİTE BELİRSİZ,0,0,DOGRULANAMADI,https://goldvod.org/live/hpgdiscoo/123456/9525.m3u8
TV8 KALİTE BELİRSİZ,KALİTE BELİRSİZ,0,0,DOGRULANAMADI,https://goldvod.org/live/hpgdiscoo/123456/267.m3u8
TV8 KALİTE BELİRSİZ,KALİTE BELİRSİZ,0,0,DOGRULANAMADI,https://tv8-live.daioncdn.net/tv8/tv8_1080p.m3u8
TV8 KALİTE BELİRSİZ,KALİTE BELİRSİZ,0,0,DOGRULANAMADI,https://tv8-live.daioncdn.net/tv8/tv8_720p.m3u8
TV8 KALİTE BELİRSİZ,KALİTE BELİRSİZ,0,0,DOGRULANAMADI,https://goldvod.org/live/hpgdiscoo/123456/15.m3u8
KANAL 7 KALİTE BELİRSİZ,KALİTE BELİRSİZ,0,0,DOGRULANAMADI,https://goldvod.org/live/hpgdiscoo/123456/512.m3u8
KANAL 7 KALİTE BELİRSİZ,KALİTE BELİRSİZ,0,0,DOGRULANAMADI,https://kanal7-live.daioncdn.net/kanal7/kanal7.m3u8
KANAL 7 KALİTE BELİRSİZ,KALİTE BELİRSİZ,0,0,DOGRULANAMADI,https://kanal7-live.daioncdn.net/kanal7/kanal7_1080p.m3u8
KANAL 7 KALİTE BELİRSİZ,KALİTE BELİRSİZ,0,0,DOGRULANAMADI,https://kanal7.daioncdn.net/kanal7/kanal7.m3u8?app=f99587ad-1637-494d-8255-da35b09d17a1
KANAL 7 KALİTE BELİRSİZ,KALİTE BELİRSİZ,0,0,DOGRULANAMADI,https://kanal7dvr.blutv.com/blutv_kanal7_dvr2/live_720p2000000kbps/index.m3u8
KANAL 7 KALİTE BELİRSİZ,KALİTE BELİRSİZ,0,0,DOGRULANAMADI,https://kanal7.blutv.com/blutv_kanal7_live/live.m3u8
BEYAZ TV KALİTE BELİRSİZ,KALİTE BELİRSİZ,0,0,DOGRULANAMADI,https://goldvod.org/live/hpgdiscoo/123456/497.m3u8
BEYAZ TV KALİTE BELİRSİZ,KALİTE BELİRSİZ,0,0,DOGRULANAMADI,https://goldvod.org/live/hpgdiscoo/123456/4.m3u8
BEYAZ TV KALİTE BELİRSİZ,KALİTE BELİRSİZ,0,0,DOGRULANAMADI,https://mn-nl.mncdn.com/blutv_beyaztv2/live.m3u8
BEYAZ TV KALİTE BELİRSİZ,KALİTE BELİRSİZ,0,0,DOGRULANAMADI,https://beyaztv.daioncdn.net/beyaztv/beyaztv.m3u8?app=fcd5c66b-da9d-44ba-a410-4f34805c397d&ce=3
A2 KALİTE BELİRSİZ,KALİTE BELİRSİZ,0,0,DOGRULANAMADI,https://goldvod.org/live/hpgdiscoo/123456/492.m3u8
A2 KALİTE BELİRSİZ,KALİTE BELİRSİZ,0,0,DOGRULANAMADI,https://c.fulltvizle.com/a2/tracks-v1a1/mono.m3u8
A2 KALİTE BELİRSİZ,KALİTE BELİRSİZ,0,0,DOGRULANAMADI,https://goldvod.org/live/hpgdiscoo/123456/21.m3u8
TEVE2 KALİTE BELİRSİZ,KALİTE BELİRSİZ,0,0,DOGRULANAMADI,https://goldvod.org/live/hpgdiscoo/123456/9519.m3u8
TEVE2 KALİTE BELİRSİZ,KALİTE BELİRSİZ,0,0,DOGRULANAMADI,https://demiroren-live.daioncdn.net/teve2/teve2.m3u8
TEVE2 KALİTE BELİRSİZ,KALİTE BELİRSİZ,0,0,DOGRULANAMADI,https://demiroren-live.daioncdn.net/teve2/teve2_1080p.m3u8
TEVE2 KALİTE BELİRSİZ,KALİTE BELİRSİZ,0,0,DOGRULANAMADI,https://demiroren-live.daioncdn.net/teve2/teve2_720p.m3u8
TEVE2 KALİTE BELİRSİZ,KALİTE BELİRSİZ,0,0,DOGRULANAMADI,https://goldvod.org/live/hpgdiscoo/123456/19.m3u8
DMAX KALİTE BELİRSİZ,KALİTE BELİRSİZ,0,0,DOGRULANAMADI,http://c3921155.edmonst.net/iptv/DVHP2VB5QXL7UC/2290/index.m3u8
DMAX 1080P FHD,1080P FHD,1920,1080,VIDEO_SES,http://dygvideo.dygdigital.com/live/hls/dmaxdai?m3u8
DMAX KALİTE BELİRSİZ,KALİTE BELİRSİZ,0,0,DOGRULANAMADI,https://dogus-live.daioncdn.net/dmax/dmax.m3u8
DMAX KALİTE BELİRSİZ,KALİTE BELİRSİZ,0,0,DOGRULANAMADI,https://dogus.daioncdn.net/dmax/dmax.m3u8?app=dmax_web&ce=3
DMAX KALİTE BELİRSİZ,KALİTE BELİRSİZ,0,0,DOGRULANAMADI,https://dogus-live.daioncdn.net/dmax/dmax_720p.m3u8
TLC KALİTE BELİRSİZ,KALİTE BELİRSİZ,0,0,DOGRULANAMADI,http://c3921155.edmonst.net/iptv/DVHP2VB5QXL7UC/6915/index.m3u8
TLC 1080P FHD,1080P FHD,1920,1080,VIDEO_SES,http://dygvideo.dygdigital.com/live/hls/tlctvdai?m3u8
TLC KALİTE BELİRSİZ,KALİTE BELİRSİZ,0,0,DOGRULANAMADI,https://dogus-live.daioncdn.net/tlc/tlc_720p.m3u8
TLC KALİTE BELİRSİZ,KALİTE BELİRSİZ,0,0,DOGRULANAMADI,https://dogus.daioncdn.net/tlc/tlc.m3u8?app=tlc_web&ce=3
TV8.5 KALİTE BELİRSİZ,KALİTE BELİRSİZ,0,0,DOGRULANAMADI,https://tv8-live.daioncdn.net/tv8bucuk/tv8bucuk_1080p.m3u8
TV8.5 KALİTE BELİRSİZ,KALİTE BELİRSİZ,0,0,DOGRULANAMADI,https://tv8.daioncdn.net/tv8bucuk/tv8bucuk.m3u8?app=tv8bucuk_web
TV8.5 KALİTE BELİRSİZ,KALİTE BELİRSİZ,0,0,DOGRULANAMADI,https://tv8.daioncdn.net/tv8bucuk/tv8bucuk.m3u8?app=tv8bucuk_web&ce=3
TV8.5 KALİTE BELİRSİZ,KALİTE BELİRSİZ,0,0,DOGRULANAMADI,https://tv8.daioncdn.net/tv8bucuk/tv8bucuk_1080p.m3u8?&sid=6b8vc9qda79i&app=bf58ab52-4865-4c81-b223-26b41009801e&ce=3
TV8.5 KALİTE BELİRSİZ,KALİTE BELİRSİZ,0,0,DOGRULANAMADI,https://tv8.daioncdn.net/tv8bucuk/tv8bucuk_1080p.m3u8?app=tv8bucuk_web&ce=3
TRT 2 KALİTE BELİRSİZ,KALİTE BELİRSİZ,0,0,DOGRULANAMADI,https://trn03.tulix.tv/gt-trt2/playlist.m3u8
TRT 2 KALİTE BELİRSİZ,KALİTE BELİRSİZ,0,0,DOGRULANAMADI,https://tv-trt2.medya.trt.com.tr/master.m3u8
TRT 2 KALİTE BELİRSİZ,KALİTE BELİRSİZ,0,0,DOGRULANAMADI,https://tv-trt2.medya.trt.com.tr/master_1440.m3u8
TRT 2 KALİTE BELİRSİZ,KALİTE BELİRSİZ,0,0,DOGRULANAMADI,https://tv-trt2.medya.trt.com.tr/master_720.m3u8
TRT 2 KALİTE BELİRSİZ,KALİTE BELİRSİZ,0,0,DOGRULANAMADI,https://tv-trt2-ts.live.trt.com.tr/master.m3u8
TV100 KALİTE BELİRSİZ,KALİTE BELİRSİZ,0,0,DOGRULANAMADI,https://tv100-live.daioncdn.net/tv100/tv100_1080p.m3u8
TV100 KALİTE BELİRSİZ,KALİTE BELİRSİZ,0,0,DOGRULANAMADI,https://tv100.daioncdn.net/tv100/tv100_1080p.m3u8?app=web
TV100 KALİTE BELİRSİZ,KALİTE BELİRSİZ,0,0,DOGRULANAMADI,https://goldvod.org/live/hpgdiscoo/123456/110.m3u8
TV100 KALİTE BELİRSİZ,KALİTE BELİRSİZ,0,0,DOGRULANAMADI,https://goldvod.org/live/hpgdiscoo/123456/286.m3u8
NTV 1080P FHD,1080P FHD,1920,1080,VIDEO_SES,http://dygvideo.dygdigital.com/live/hls/ntv4puhu?m3u8
NTV KALİTE BELİRSİZ,KALİTE BELİRSİZ,0,0,DOGRULANAMADI,https://dogus-live.daioncdn.net/ntv/ntv.m3u8
NTV KALİTE BELİRSİZ,KALİTE BELİRSİZ,0,0,DOGRULANAMADI,https://dogus-live.daioncdn.net/ntv/ntv_720p.m3u8
NTV KALİTE BELİRSİZ,KALİTE BELİRSİZ,0,0,DOGRULANAMADI,https://emmazbvkkf.turknet.ercdn.net/cnifuowzza/ntv/ntv_720p.m3u8
NTV KALİTE BELİRSİZ,KALİTE BELİRSİZ,0,0,DOGRULANAMADI,https://goldvod.org/live/hpgdiscoo/123456/125.m3u8
NTV KALİTE BELİRSİZ,KALİTE BELİRSİZ,0,0,DOGRULANAMADI,https://goldvod.org/live/hpgdiscoo/123456/282.m3u8
NTV KALİTE BELİRSİZ,KALİTE BELİRSİZ,0,0,DOGRULANAMADI,http://152.89.62.111:8080/nXyAiP3DNp/QgOuvocpGv/223012
NTV KALİTE BELİRSİZ,KALİTE BELİRSİZ,0,0,DOGRULANAMADI,http://mfe.cliptv.az/dash/NTV_HD.ism/playlist.mpd
CNN TÜRK KALİTE BELİRSİZ,KALİTE BELİRSİZ,0,0,DOGRULANAMADI,http://c3921155.edmonst.net/iptv/DVHP2VB5QXL7UC/6926/index.m3u8
CNN TÜRK KALİTE BELİRSİZ,KALİTE BELİRSİZ,0,0,DOGRULANAMADI,https://b.fulltvizle.com/cnn/playlist.m3u8
CNN TÜRK KALİTE BELİRSİZ,KALİTE BELİRSİZ,0,0,DOGRULANAMADI,https://izle.canlitvapp.com/cnn/index.m3u8
CNN TÜRK KALİTE BELİRSİZ,KALİTE BELİRSİZ,0,0,DOGRULANAMADI,https://goldvod.org/live/hpgdiscoo/123456/109.m3u8
CNN TÜRK KALİTE BELİRSİZ,KALİTE BELİRSİZ,0,0,DOGRULANAMADI,https://tgn.bozztv.com/dvrfl05/gin-cnnturk/tracks-v1a1/mono.m3u8
TRT HABER KALİTE BELİRSİZ,KALİTE BELİRSİZ,0,0,DOGRULANAMADI,https://goldvod.org/live/hpgdiscoo/123456/104.m3u8
TRT HABER KALİTE BELİRSİZ,KALİTE BELİRSİZ,0,0,DOGRULANAMADI,https://goldvod.org/live/hpgdiscoo/123456/279.m3u8
HABERTÜRK KALİTE BELİRSİZ,KALİTE BELİRSİZ,0,0,DOGRULANAMADI,https://ciner-live.daioncdn.net/haberturktv/haberturktv.m3u8
HABERTÜRK KALİTE BELİRSİZ,KALİTE BELİRSİZ,0,0,DOGRULANAMADI,https://ciner-live.daioncdn.net/haberturktv/haberturktv_1080p.m3u8
HABERTÜRK KALİTE BELİRSİZ,KALİTE BELİRSİZ,0,0,DOGRULANAMADI,https://goldvod.org/live/hpgdiscoo/123456/105.m3u8
HABERTÜRK KALİTE BELİRSİZ,KALİTE BELİRSİZ,0,0,DOGRULANAMADI,https://goldvod.org/live/hpgdiscoo/123456/280.m3u8
HABER GLOBAL KALİTE BELİRSİZ,KALİTE BELİRSİZ,0,0,DOGRULANAMADI,https://goldvod.org/live/hpgdiscoo/123456/113.m3u8
HABER GLOBAL KALİTE BELİRSİZ,KALİTE BELİRSİZ,0,0,DOGRULANAMADI,https://goldvod.org/live/hpgdiscoo/123456/288.m3u8
HALK TV KALİTE BELİRSİZ,KALİTE BELİRSİZ,0,0,DOGRULANAMADI,https://goldvod.org/live/hpgdiscoo/123456/106.m3u8
HALK TV KALİTE BELİRSİZ,KALİTE BELİRSİZ,0,0,DOGRULANAMADI,https://goldvod.org/live/hpgdiscoo/123456/285.m3u8
TGRT HABER 720P HD,720P HD,1280,720,VIDEO_SES,https://canli.tgrthaber.com/tgrt.m3u8
TGRT HABER KALİTE BELİRSİZ,KALİTE BELİRSİZ,0,0,DOGRULANAMADI,https://goldvod.org/live/hpgdiscoo/123456/111.m3u8
TGRT HABER KALİTE BELİRSİZ,KALİTE BELİRSİZ,0,0,DOGRULANAMADI,https://b01c02nl.mediatriple.net/videoonlylive/mtsxxkzwwuqtglive/broadcast_5fe4598be8e5d.smil/playlist.m3u8
A HABER KALİTE BELİRSİZ,KALİTE BELİRSİZ,0,0,DOGRULANAMADI,https://b.fulltvizle.com/ahaber/playlist.m3u8
A HABER KALİTE BELİRSİZ,KALİTE BELİRSİZ,0,0,DOGRULANAMADI,https://c.fulltvizle.com/ahaber/index.m3u8
A HABER KALİTE BELİRSİZ,KALİTE BELİRSİZ,0,0,DOGRULANAMADI,https://goldvod.org/live/hpgdiscoo/123456/116.m3u8
A HABER KALİTE BELİRSİZ,KALİTE BELİRSİZ,0,0,DOGRULANAMADI,https://goldvod.org/live/hpgdiscoo/123456/281.m3u8
24 TV KALİTE BELİRSİZ,KALİTE BELİRSİZ,0,0,DOGRULANAMADI,https://goldvod.org/live/hpgdiscoo/123456/112.m3u8
24 TV KALİTE BELİRSİZ,KALİTE BELİRSİZ,0,0,DOGRULANAMADI,https://mn-nl.mncdn.com/kanal24/kanal24.smil/chunklist_b896000.m3u8
EKOL TV KALİTE BELİRSİZ,KALİTE BELİRSİZ,0,0,DOGRULANAMADI,https://goldvod.org/live/hpgdiscoo/123456/293.m3u8
TELE1 KALİTE BELİRSİZ,KALİTE BELİRSİZ,0,0,DOGRULANAMADI,https://tele1-live.ercdn.net/tele1/tele1.m3u8
TELE1 1080P FHD,1080P FHD,1920,1080,VIDEO_SES,https://tele1-live.ercdn.net/tele1/tele1_1080p.m3u8
TELE1 KALİTE BELİRSİZ,KALİTE BELİRSİZ,0,0,DOGRULANAMADI,https://tele1dvr.blutv.com/blutv_tele1_dvr2/live_720p2000000kbps/index.m3u8
TELE1 KALİTE BELİRSİZ,KALİTE BELİRSİZ,0,0,DOGRULANAMADI,https://goldvod.org/live/hpgdiscoo/123456/107.m3u8
ULUSAL KANAL KALİTE BELİRSİZ,KALİTE BELİRSİZ,0,0,DOGRULANAMADI,https://goldvod.org/live/hpgdiscoo/123456/114.m3u8
BLOOMBERG HT KALİTE BELİRSİZ,KALİTE BELİRSİZ,0,0,DOGRULANAMADI,https://bloomberght-live.daioncdn.net/bloomberght/bloomberght.m3u8
BLOOMBERG HT KALİTE BELİRSİZ,KALİTE BELİRSİZ,0,0,DOGRULANAMADI,https://ciner-live.daioncdn.net/bloomberght/bloomberght_720p.m3u8
BLOOMBERG HT KALİTE BELİRSİZ,KALİTE BELİRSİZ,0,0,DOGRULANAMADI,https://goldvod.org/live/hpgdiscoo/123456/129.m3u8
BLOOMBERG HT 1080P FHD,1080P FHD,1920,1080,VIDEO_SES,http://193.123.61.120:3000/kanal/bloomberght
A PARA KALİTE BELİRSİZ,KALİTE BELİRSİZ,0,0,DOGRULANAMADI,https://goldvod.org/live/hpgdiscoo/123456/131.m3u8
TVNET KALİTE BELİRSİZ,KALİTE BELİRSİZ,0,0,DOGRULANAMADI,https://mn-nl.mncdn.com/tvnet/tvnet/chunklist.m3u8
TVNET KALİTE BELİRSİZ,KALİTE BELİRSİZ,0,0,DOGRULANAMADI,https://mn-nl.mncdn.com/tvnet/tvnet/playlist.m3u8
TVNET KALİTE BELİRSİZ,KALİTE BELİRSİZ,0,0,DOGRULANAMADI,https://tvnet-live.lg.mncdn.com/tvnet/tvnet/chunklist.m3u8
TVNET KALİTE BELİRSİZ,KALİTE BELİRSİZ,0,0,DOGRULANAMADI,https://tvnet-live.lg.mncdn.com/tvnet/tvnet/playlist.m3u8
TVNET KALİTE BELİRSİZ,KALİTE BELİRSİZ,0,0,DOGRULANAMADI,https://goldvod.org/live/hpgdiscoo/123456/118.m3u8
TVNET KALİTE BELİRSİZ,KALİTE BELİRSİZ,0,0,DOGRULANAMADI,https://goldvod.org/live/hpgdiscoo/123456/290.m3u8
ÜLKE TV KALİTE BELİRSİZ,KALİTE BELİRSİZ,0,0,DOGRULANAMADI,https://goldvod.org/live/hpgdiscoo/123456/117.m3u8
ÜLKE TV KALİTE BELİRSİZ,KALİTE BELİRSİZ,0,0,DOGRULANAMADI,https://goldvod.org/live/hpgdiscoo/123456/284.m3u8
ÜLKE TV KALİTE BELİRSİZ,KALİTE BELİRSİZ,0,0,DOGRULANAMADI,https://mn-nl.mncdn.com/blutv_ulketv2/live.m3u8
FLASH HABER KALİTE BELİRSİZ,KALİTE BELİRSİZ,0,0,DOGRULANAMADI,https://goldvod.org/live/hpgdiscoo/123456/115.m3u8
FLASH HABER KALİTE BELİRSİZ,KALİTE BELİRSİZ,0,0,DOGRULANAMADI,https://ythls.kekikakademi.org/youtube/channel/UCNcjCb2RnA3eMMhTZSxZu3A.m3u8
TRT SPOR YILDIZ KALİTE BELİRSİZ,KALİTE BELİRSİZ,0,0,DOGRULANAMADI,http://c3921155.edmonst.net/iptv/DVHP2VB5QXL7UC/2145/index.m3u8
TRT SPOR YILDIZ KALİTE BELİRSİZ,KALİTE BELİRSİZ,0,0,DOGRULANAMADI,https://trt.daioncdn.net/trtspor-yildiz/master_1080p.m3u8?app=web&platform=trtspor
TRT SPOR YILDIZ KALİTE BELİRSİZ,KALİTE BELİRSİZ,0,0,DOGRULANAMADI,https://tv-trtspor2.medya.trt.com.tr/master.m3u8
TRT SPOR YILDIZ KALİTE BELİRSİZ,KALİTE BELİRSİZ,0,0,DOGRULANAMADI,https://tv-trtspor2.medya.trt.com.tr/master_1440p.m3u8
TRT SPOR YILDIZ KALİTE BELİRSİZ,KALİTE BELİRSİZ,0,0,DOGRULANAMADI,https://tv-trtspor2.medya.trt.com.tr/master_720.m3u8
TRT SPOR YILDIZ KALİTE BELİRSİZ,KALİTE BELİRSİZ,0,0,DOGRULANAMADI,https://tv-trtspor2.live.trt.com.tr/master.m3u8
A SPOR KALİTE BELİRSİZ,KALİTE BELİRSİZ,0,0,DOGRULANAMADI,https://izle.canlitvapp.com/aspor/index.m3u8
A SPOR KALİTE BELİRSİZ,KALİTE BELİRSİZ,0,0,DOGRULANAMADI,https://rnttwmjcin.turknet.ercdn.net/lcpmvefbyo/aSPOR/aSPOR_1080p.m3u8
A SPOR KALİTE BELİRSİZ,KALİTE BELİRSİZ,0,0,DOGRULANAMADI,https://c.fulltvizle.com/aspor/index.m3u8
HT SPOR KALİTE BELİRSİZ,KALİTE BELİRSİZ,0,0,DOGRULANAMADI,https://ciner-live.daioncdn.net/ht-spor/ht-spor_1080p.m3u8
HT SPOR KALİTE BELİRSİZ,KALİTE BELİRSİZ,0,0,DOGRULANAMADI,https://ciner-live.ercdn.net/htSPOR/htSPOR.m3u8
TJK TV 2 KALİTE BELİRSİZ,KALİTE BELİRSİZ,0,0,DOGRULANAMADI,https://tjktv-live.tjk.org/tjktv2/tjktv2.m3u8
TJK TV 2 KALİTE BELİRSİZ,KALİTE BELİRSİZ,0,0,DOGRULANAMADI,https://tjktv-live.tjk.org/tjktv2/tjktv2_1080p.m3u8
FB TV 720P HD,720P HD,1280,720,VIDEO_SES,http://1hskrdto.rocketcdn.com/fenerbahcetv.smil/playlist.m3u8
FB TV 720P HD,720P HD,1280,720,VIDEO_SES,https://1hskrdto.rocketcdn.com/fenerbahcetv.smil/playlist.m3u8
TAY TV KALİTE BELİRSİZ,KALİTE BELİRSİZ,0,0,DOGRULANAMADI,https://mn-nl.mncdn.com/blutv_taytv/smil:taytv_sd.smil/playlist.m3u8
TRT ÇOCUK KALİTE BELİRSİZ,KALİTE BELİRSİZ,0,0,DOGRULANAMADI,https://trn03.tulix.tv/gt-trtcocuk/index.m3u8
TRT ÇOCUK KALİTE BELİRSİZ,KALİTE BELİRSİZ,0,0,DOGRULANAMADI,http://mfe.cliptv.az/dash/TRT_Cocuk_HD.ism/playlist.mpd
TRT BELGESEL KALİTE BELİRSİZ,KALİTE BELİRSİZ,0,0,DOGRULANAMADI,https://tv-trtbelgesel.medya.trt.com.tr/master.m3u8
TRT BELGESEL KALİTE BELİRSİZ,KALİTE BELİRSİZ,0,0,DOGRULANAMADI,https://tv-trtbelgesel.medya.trt.com.tr/master_1440.m3u8
TRT BELGESEL KALİTE BELİRSİZ,KALİTE BELİRSİZ,0,0,DOGRULANAMADI,https://tv-trtbelgesel.medya.trt.com.tr/master_720.m3u8
TRT BELGESEL KALİTE BELİRSİZ,KALİTE BELİRSİZ,0,0,DOGRULANAMADI,http://medotv.nl:8000/RAMBOfoundedoninternetsoIchangedTheFuckinguSERNAMelol123/5caU9cN5jFjZ/678
TRT BELGESEL KALİTE BELİRSİZ,KALİTE BELİRSİZ,0,0,DOGRULANAMADI,http://tv-trtbelgesel.medya.trt.com.tr/master.m3u8
TRT BELGESEL KALİTE BELİRSİZ,KALİTE BELİRSİZ,0,0,DOGRULANAMADI,http://hls127.freeott.top:8080/TRT_BELGESEL_TR/video.m3u8
TRT BELGESEL KALİTE BELİRSİZ,KALİTE BELİRSİZ,0,0,DOGRULANAMADI,https://d2xwn494f2lep.cloudfront.net/v1/master/80dbfc318ab6b980679b32095ba497236de6d2f9/TRT-Belgesel/master.m3u8
TRT BELGESEL KALİTE BELİRSİZ,KALİTE BELİRSİZ,0,0,DOGRULANAMADI,https://tv-trtbelgesel-dai.medya.trt.com.tr/master.m3u8
TGRT BELGESEL KALİTE BELİRSİZ,KALİTE BELİRSİZ,0,0,DOGRULANAMADI,https://tgn.bozztv.com/dvrfl05/gin-tgrtbelgesel/tracks-v1a1/mono.m3u8
ÇİFTÇİ TV KALİTE BELİRSİZ,KALİTE BELİRSİZ,0,0,DOGRULANAMADI,https://live.artidijitalmedya.com/artidijital_ciftcitv/ciftcitv/chunks.m3u8?nimblesessionid=4092912537
ÇİFTÇİ TV KALİTE BELİRSİZ,KALİTE BELİRSİZ,0,0,DOGRULANAMADI,https://waw2.artiyerelmedya.net/ciftcitv/bant1/playlist.m3u8
DİYANET TV KALİTE BELİRSİZ,KALİTE BELİRSİZ,0,0,DOGRULANAMADI,https://goldvod.org/live/hpgdiscoo/123456/184.m3u8
DİYANET TV KALİTE BELİRSİZ,KALİTE BELİRSİZ,0,0,DOGRULANAMADI,https://goldvod.org/live/hpgdiscoo/123456/298.m3u8
DİYANET TV KALİTE BELİRSİZ,KALİTE BELİRSİZ,0,0,DOGRULANAMADI,https://diyanet.blutv.com/blutv_diyanet2/live.m3u8
VAV TV KALİTE BELİRSİZ,KALİTE BELİRSİZ,0,0,DOGRULANAMADI,https://goldvod.org/live/hpgdiscoo/123456/187.m3u8
VAV TV KALİTE BELİRSİZ,KALİTE BELİRSİZ,0,0,DOGRULANAMADI,https://trkvz-live.ercdn.net/vavtv/vavtv.m3u8
SEMERKAND TV KALİTE BELİRSİZ,KALİTE BELİRSİZ,0,0,DOGRULANAMADI,https://goldvod.org/live/hpgdiscoo/123456/185.m3u8
SEMERKAND TV KALİTE BELİRSİZ,KALİTE BELİRSİZ,0,0,DOGRULANAMADI,https://goldvod.org/live/hpgdiscoo/123456/299.m3u8
LALEGÜL TV KALİTE BELİRSİZ,KALİTE BELİRSİZ,0,0,DOGRULANAMADI,https://goldvod.org/live/hpgdiscoo/123456/186.m3u8
LALEGÜL TV KALİTE BELİRSİZ,KALİTE BELİRSİZ,0,0,DOGRULANAMADI,https://goldvod.org/live/hpgdiscoo/123456/300.m3u8
LALEGÜL TV KALİTE BELİRSİZ,KALİTE BELİRSİZ,0,0,DOGRULANAMADI,http://lalegultv.netmedya.net/hls/lalegultv.m3u8
LALEGÜL TV KALİTE BELİRSİZ,KALİTE BELİRSİZ,0,0,DOGRULANAMADI,http://lalegultv.netmedya.net/lalegul-tv/lalegultv.stream/playlist.m3u8
DOST TV KALİTE BELİRSİZ,KALİTE BELİRSİZ,0,0,DOGRULANAMADI,https://goldvod.org/live/hpgdiscoo/123456/188.m3u8
DOST TV KALİTE BELİRSİZ,KALİTE BELİRSİZ,0,0,DOGRULANAMADI,https://goldvod.org/live/hpgdiscoo/123456/301.m3u8
DREAM TÜRK KALİTE BELİRSİZ,KALİTE BELİRSİZ,0,0,DOGRULANAMADI,https://mn-nl.mncdn.com/blutv_dreamturk/smil:dreamturk_sd.smil/playlist.m3u8
KRAL POP TV 1080P FHD,1080P FHD,1920,1080,VIDEO_SES,http://dygvideo.dygdigital.com/live/hls/kralpop
KRAL POP TV KALİTE BELİRSİZ,KALİTE BELİRSİZ,0,0,DOGRULANAMADI,https://dogus-live.daioncdn.net/kralpoptv/kralpoptv.m3u8
KRAL POP TV KALİTE BELİRSİZ,KALİTE BELİRSİZ,0,0,DOGRULANAMADI,https://dogus-live.daioncdn.net/kralpoptv/playlist.m3u8
POWER TÜRK TV KALİTE BELİRSİZ,KALİTE BELİRSİZ,0,0,DOGRULANAMADI,https://live.artidijitalmedya.com/artidijital_powerturktv/powerturktv/chunks.m3u8?nimblesessionid=4092912804
NUMBER1 TV KALİTE BELİRSİZ,KALİTE BELİRSİZ,0,0,DOGRULANAMADI,https://mn-nl.mncdn.com/blutv_nr12/live.m3u8
NUMBER1 TÜRK KALİTE BELİRSİZ,KALİTE BELİRSİZ,0,0,DOGRULANAMADI,https://mn-nl.mncdn.com/blutv_nr1turk2/live.m3u8
NUMBER1 TÜRK KALİTE BELİRSİZ,KALİTE BELİRSİZ,0,0,DOGRULANAMADI,https://n10101m.mediatriple.net/videoonlylive/mtkgeuihrlfwlive/broadcast_5c9e187770143.smil/playlist.m3u8
POWER TV KALİTE BELİRSİZ,KALİTE BELİRSİZ,0,0,DOGRULANAMADI,https://livetv.powerapp.com.tr/powerTV/powerhd.smil/chunklist_b2650000_sltur.m3u8
POWER DANCE KALİTE BELİRSİZ,KALİTE BELİRSİZ,0,0,DOGRULANAMADI,https://listen.powerapp.com.tr/dance/dance.smil/chunklist_b1028000_sltur.m3u8
POWER LOVE KALİTE BELİRSİZ,KALİTE BELİRSİZ,0,0,DOGRULANAMADI,https://listen.powerapp.com.tr/plove/love.smil/chunklist_b1028000_sltur.m3u8
BIR TV 720P HD,720P HD,1280,720,VIDEO_SES,https://edge1.socialsmart.tv/birtv/bant1/playlist.m3u8
BIR TV KALİTE BELİRSİZ,KALİTE BELİRSİZ,0,0,DOGRULANAMADI,https://live.artidijitalmedya.com/artidijital_birtv/birtv/playlist.m3u8
ATV AVRUPA KALİTE BELİRSİZ,KALİTE BELİRSİZ,0,0,DOGRULANAMADI,https://tgn.bozztv.com/dvrfl05/gin-atvavrupa/tracks-v1a1/mono.m3u8
ATV AVRUPA KALİTE BELİRSİZ,KALİTE BELİRSİZ,0,0,DOGRULANAMADI,https://flask-api-hls-atvavrupahdtrkvz-live.onrender.com/hls_stream/master.m3u8
ATV AVRUPA KALİTE BELİRSİZ,KALİTE BELİRSİZ,0,0,DOGRULANAMADI,https://streamer2.nexgen.bz/ATV/index.m3u8
CNBC-E KALİTE BELİRSİZ,KALİTE BELİRSİZ,0,0,DOGRULANAMADI,https://goldvod.org/live/hpgdiscoo/123456/153.m3u8
CNBC-E KALİTE BELİRSİZ,KALİTE BELİRSİZ,0,0,DOGRULANAMADI,https://uzunmuhalefet.serv00.net/canlitv2.php?id=13406&.m3u8
CNBC-E KALİTE BELİRSİZ,KALİTE BELİRSİZ,0,0,DOGRULANAMADI,https://raw.githubusercontent.com/tecotv2025/tecotv/refs/heads/main/playlist/CNBC_E.m3u8
EURO D KALİTE BELİRSİZ,KALİTE BELİRSİZ,0,0,DOGRULANAMADI,https://goldvod.org/live/hpgdiscoo/123456/14.m3u8
EUROSTAR KALİTE BELİRSİZ,KALİTE BELİRSİZ,0,0,DOGRULANAMADI,https://raw.githubusercontent.com/ipstreet312/freeiptv/master/ressources/tur/estar.m3u8
EUROSTAR KALİTE BELİRSİZ,KALİTE BELİRSİZ,0,0,DOGRULANAMADI,https://goldvod.org/live/hpgdiscoo/123456/16.m3u8
EUROSTAR KALİTE BELİRSİZ,KALİTE BELİRSİZ,0,0,DOGRULANAMADI,https://tgn.bozztv.com/trn03/gt-eurostar/index.m3u8
KRT TV KALİTE BELİRSİZ,KALİTE BELİRSİZ,0,0,DOGRULANAMADI,https://goldvod.org/live/hpgdiscoo/123456/220.m3u8
KRT TV KALİTE BELİRSİZ,KALİTE BELİRSİZ,0,0,DOGRULANAMADI,https://goldvod.org/live/hpgdiscoo/123456/292.m3u8
KRT TV KALİTE BELİRSİZ,KALİTE BELİRSİZ,0,0,DOGRULANAMADI,https://krtdvr.blutv.com/blutv_krt_live_dvr/live_720p4350000kbps/index.m3u8
TBMM TV KALİTE BELİRSİZ,KALİTE BELİRSİZ,0,0,DOGRULANAMADI,https://mecliscanlitv-lh.akamaihd.net/i/MECLISTV_1@127503/master.m3u8
TRT AVAZ KALİTE BELİRSİZ,KALİTE BELİRSİZ,0,0,DOGRULANAMADI,https://goldvod.org/live/hpgdiscoo/123456/42.m3u8
TRT AVAZ KALİTE BELİRSİZ,KALİTE BELİRSİZ,0,0,DOGRULANAMADI,https://tv-trtavaz.live.trt.com.tr/master.m3u8
TRT TÜRK KALİTE BELİRSİZ,KALİTE BELİRSİZ,0,0,DOGRULANAMADI,https://goldvod.org/live/hpgdiscoo/123456/43.m3u8
TRT TÜRK KALİTE BELİRSİZ,KALİTE BELİRSİZ,0,0,DOGRULANAMADI,https://tv-trtturk.live.trt.com.tr/master.m3u8
TRT KURDİ KALİTE BELİRSİZ,KALİTE BELİRSİZ,0,0,DOGRULANAMADI,https://tv-trtkurdi.live.trt.com.tr/master.m3u8
TRT WORLD KALİTE BELİRSİZ,KALİTE BELİRSİZ,0,0,DOGRULANAMADI,https://cdn.pishow.tv/ott/live/266/master.m3u8
KANAL 58 KALİTE BELİRSİZ,KALİTE BELİRSİZ,0,0,DOGRULANAMADI,https://edge1.socialsmart.tv/kanal58/bant1/playlist.m3u8
KANAL AVRUPA KALİTE BELİRSİZ,KALİTE BELİRSİZ,0,0,DOGRULANAMADI,http://51.15.2.151/hls/kanalavrupa.m3u8
BRT 1 KALİTE BELİRSİZ,KALİTE BELİRSİZ,0,0,DOGRULANAMADI,https://sc-kuzeykibrissmarttv.ercdn.net/brt1hd/bant1/playlist.m3u8
ADA TV KALİTE BELİRSİZ,KALİTE BELİRSİZ,0,0,DOGRULANAMADI,https://sc-kuzeykibrissmarttv.ercdn.net/adatv/bant1/playlist.m3u8
MINIKA GO KALİTE BELİRSİZ,KALİTE BELİRSİZ,0,0,DOGRULANAMADI,https://trkvz-live.daioncdn.net/minikago/minikago_720p.m3u8
EKOTÜRK KALİTE BELİRSİZ,KALİTE BELİRSİZ,0,0,DOGRULANAMADI,https://ythls.kekikakademi.org/youtube/channel/UCAGVKxpAKwXMWdmcHbrvcwQ.m3u8
KANAL 3 KALİTE BELİRSİZ,KALİTE BELİRSİZ,0,0,DOGRULANAMADI,https://waw2.artiyerelmedya.net/kanal3/bant1/playlist.m3u8
KANAL 3 KALİTE BELİRSİZ,KALİTE BELİRSİZ,0,0,DOGRULANAMADI,http://stream.taksimbilisim.com:1935/kanal3/bant1/playlist.m3u8
KANAL 3 KALİTE BELİRSİZ,KALİTE BELİRSİZ,0,0,DOGRULANAMADI,https://live.artidijitalmedya.com/artidijital_kanal3/kanal3guncel/playlist.m3u8
SUN RTV KALİTE BELİRSİZ,KALİTE BELİRSİZ,0,0,DOGRULANAMADI,https://tr.socialsmart.tv/suntv/bant1/chunks.m3u8
TV 41 KALİTE BELİRSİZ,KALİTE BELİRSİZ,0,0,DOGRULANAMADI,http://stream.taksimbilisim.com:1935/tv41/bant1/TV41.m3u8
TV 41 KALİTE BELİRSİZ,KALİTE BELİRSİZ,0,0,DOGRULANAMADI,http://stream.taksimbilisim.com:1935/tv41/smil:tv41.smil/playlist.m3u8
TV 41 KALİTE BELİRSİZ,KALİTE BELİRSİZ,0,0,DOGRULANAMADI,http://stream.taksimbilisim.com:1935/tv41/bant1/playlist.m3u8
FORTUNA TV 1080P FHD,1080P FHD,1920,1080,VIDEO_SES,https://edge1.socialsmart.tv/ftvturk/bant1/playlist.m3u8
KENT TÜRK TV KALİTE BELİRSİZ,KALİTE BELİRSİZ,0,0,DOGRULANAMADI,https://live.artidijitalmedya.com/artidijital_38kenttv/38kenttv/playlist.m3u8
