KAYNAK,ADAY_SAYISI,EN_AZ_BIR_BASARI,TEKRAR_DOGRULANAN,GUVEN_PUANI,NOT
https://dearbulut.github.io/iptv/playlists/language/kur.m3u,25,0,0,1,Teknik guven puani; kanal kimligi veya yayin hakki dogrulamasi degildir
https://dearbulut.github.io/iptv/playlists/language/tur.m3u,7,0,0,4,Teknik guven puani; kanal kimligi veya yayin hakki dogrulamasi degildir
https://gist.githubusercontent.com/AyGitCi/8c105c9ab143830571ff61cc3883098e/raw/efti.m3u,394,0,0,0,Teknik guven puani; kanal kimligi veya yayin hakki dogrulamasi degildir
https://gist.githubusercontent.com/ukusgul-a11y/daa167880fc0133fe325f7e6096aac82/raw/umit.m3u,292,1,1,0,Teknik guven puani; kanal kimligi veya yayin hakki dogrulamasi degildir
https://iptv-org.github.io/iptv/countries/tr.m3u,12,0,0,3,Teknik guven puani; kanal kimligi veya yayin hakki dogrulamasi degildir
https://iptv-org.github.io/iptv/languages/kur.m3u,1,0,0,20,Teknik guven puani; kanal kimligi veya yayin hakki dogrulamasi degildir
https://iptv-org.github.io/iptv/languages/tur.m3u,11,0,0,3,Teknik guven puani; kanal kimligi veya yayin hakki dogrulamasi degildir
https://itasli.github.io/TURKTV/index.m3u,46,0,0,1,Teknik guven puani; kanal kimligi veya yayin hakki dogrulamasi degildir
https://raw.githubusercontent.com/discevisita/iptv/main/tr.m3u,56,0,0,1,Teknik guven puani; kanal kimligi veya yayin hakki dogrulamasi degildir
https://raw.githubusercontent.com/ilyswch/IPTV-TR/main/box.m3u,1,0,0,20,Teknik guven puani; kanal kimligi veya yayin hakki dogrulamasi degildir
https://raw.githubusercontent.com/iptv-org/iptv/master/streams/tr.m3u,3,0,0,9,Teknik guven puani; kanal kimligi veya yayin hakki dogrulamasi degildir
https://raw.githubusercontent.com/iptv-turk-tr/iptv/main/list.m3u,6,0,0,5,Teknik guven puani; kanal kimligi veya yayin hakki dogrulamasi degildir
https://raw.githubusercontent.com/mahirziyaokan/turkce-iptv/master/tr-00.m3u,651,0,0,0,Teknik guven puani; kanal kimligi veya yayin hakki dogrulamasi degildir
https://raw.githubusercontent.com/omerdenizhan/IPTV-M3U/main/m3u/turkiye-iptv-org.m3u,77,0,0,0,Teknik guven puani; kanal kimligi veya yayin hakki dogrulamasi degildir
https://raw.githubusercontent.com/omerdenizhan/IPTV-M3U/main/m3u/turkiye.m3u,326,0,0,0,Teknik guven puani; kanal kimligi veya yayin hakki dogrulamasi degildir
https://raw.githubusercontent.com/rideordie16/tv/main/tjk.m3u,1,0,0,20,Teknik guven puani; kanal kimligi veya yayin hakki dogrulamasi degildir
https://raw.githubusercontent.com/rideordie16/tv/main/tv2.m3u,14,0,0,2,Teknik guven puani; kanal kimligi veya yayin hakki dogrulamasi degildir
https://raw.githubusercontent.com/sayatsirinoglu/IPTV-List/main/TURK-IPTV-2024.m3u,647,0,0,0,Teknik guven puani; kanal kimligi veya yayin hakki dogrulamasi degildir
https://raw.githubusercontent.com/sayatsirinoglu/IPTV-List/main/tr.m3u,94,0,0,0,Teknik guven puani; kanal kimligi veya yayin hakki dogrulamasi degildir
